Product,Revenue,Transactions,AverageOrderValue,RevenueShare
Laptop,571154.08,571,1000.2698423817862,0.6756902064340391
Monitor,183922.73,614,299.54842019543975,0.21758539727425574
Headphones,47316.43,589,80.3334974533107,0.055976573527097555
Keyboard,28641.5,573,49.98516579406632,0.03388364318010392
Mouse,14255.12,572,24.921538461538464,0.016864179584503713
